iteration,point_index,x,y
0,0,14.0,0.0
0,1,14.5,0.0
0,2,15.0,0.0
0,3,15.5,0.0
0,4,16.0,0.0
0,5,16.5,0.0
0,6,17.0,0.0
0,7,17.5,0.0
0,8,18.0,0.0
0,9,18.5,0.0
0,10,19.0,0.0
0,11,19.5,0.0
0,12,19.64939923109522,0.01341155278694858
0,13,19.799273194144327,0.019559332870407502
0,14,19.948494603703573,0.03482271811588089
0,15,20.097923730994594,0.04789696444382764
0,16,20.246761054739995,0.06653700361510008
0,17,20.395142896675107,0.08851037349646276
0,18,20.543611404648008,0.10989032065028825
0,19,20.691684565221852,0.13385569395580607
0,20,20.83984151877297,0.15729747533973204
0,21,20.987370068711822,0.18441438801318943
0,22,21.134913439578494,0.2114505436811072
0,23,21.282558397500445,0.2379263137402483
0,24,21.42966322822714,0.2672549478180628
0,25,21.576953788798374,0.2956361170436723
0,26,21.723436252843946,0.3279298893091991
0,27,21.87043581509257,0.3577816681291118
0,28,22.016347470446025,0.3925636869321451
0,29,22.162685809625795,0.4255043986139828
0,30,22.30761786711138,0.4641657321786139
0,31,22.452987806169862,0.5011465490724226
0,32,22.597220908191385,0.5423389304219982
0,33,22.74117426152714,0.5844985326899509
0,34,22.884172773522558,0.6297911983997071
0,35,23.026609669183507,0.6768202400066949
0,36,23.168193927762886,0.7263570719858132
0,37,23.308986387712118,0.7781014747888454
0,38,23.448384889723073,0.8334915247716838
0,39,23.587032687392764,0.8907347619385617
0,40,23.723815094684767,0.9523023918702432
0,41,23.859946171824557,1.015297072889837
0,42,23.99419903528744,1.0822012480362058
0,43,24.127289431502497,1.1513890102150701
0,44,24.2584671130007,1.2241380024881892
0,45,24.387659828398196,1.300356387988161
0,46,24.51464781935799,1.3801940367010037
0,47,24.639026138465198,1.4640393331466912
0,48,24.76122473670251,1.551030726909729
0,49,24.880007074680595,1.6426317977793343
0,50,24.996073325104664,1.7376508775080761
0,51,25.108141292275516,1.8373542913623326
0,52,25.216050096477698,1.941544933819587
0,53,25.320559266801617,2.0491452745170307
0,54,25.417039999788926,2.1639993913880926
0,55,25.511155483910642,2.280799543993023
0,56,25.60060355042463,2.401211517637297
0,57,25.680611302102555,2.5280924053684415
0,58,25.75634672595367,2.657568834011234
0,59,25.823764639438142,2.7915644493924847
0,60,25.889114072239597,2.9265809359136807
0,61,25.949119980259436,3.0640556281399762
0,62,26.003528434191825,3.2038401771455334
0,63,26.063874697876493,3.3411658064333705
0,64,26.13042734128131,3.4755932800235234
0,65,26.21529128947336,3.599278809885578
1,0,14.0,0.0
1,1,14.5,0.0
1,2,15.0,0.0
1,3,15.5,0.0
1,4,16.0,0.0
1,5,16.5,0.0
1,6,17.0,0.0
1,7,17.5,0.0
1,8,18.0,0.0
1,9,18.5,0.0
1,10,19.0,0.0
1,11,19.5,0.0
1,12,19.64939923109522,0.01341155278694858
2,0,14.0,0.0
2,1,14.5,0.0
2,2,15.0,0.0
2,3,15.5,0.0
2,4,16.0,0.0
2,5,16.5,0.0
2,6,17.0,0.0
2,7,17.5,0.0
2,8,18.0,0.0
2,9,18.5,0.0
2,10,19.0,0.0
2,11,19.5,0.0
2,12,19.64939923109522,0.01341155278694858
2,13,19.799273194144327,0.019559332870407502
3,0,14.0,0.0
3,1,14.5,0.0
3,2,15.0,0.0
3,3,15.5,0.0
3,4,16.0,0.0
3,5,16.5,0.0
3,6,17.0,0.0
3,7,17.5,0.0
3,8,18.0,0.0
3,9,18.5,0.0
3,10,19.0,0.0
3,11,19.5,0.0
3,12,19.64939923109522,0.01341155278694858
3,13,19.799273194144327,0.019559332870407502
3,14,19.948494603703573,0.03482271811588089
4,0,14.0,0.0
4,1,14.5,0.0
4,2,15.0,0.0
4,3,15.5,0.0
4,4,16.0,0.0
4,5,16.5,0.0
4,6,17.0,0.0
4,7,17.5,0.0
4,8,18.0,0.0
4,9,18.5,0.0
4,10,19.0,0.0
4,11,19.5,0.0
4,12,19.64939923109522,0.01341155278694858
4,13,19.799273194144327,0.019559332870407502
4,14,19.948494603703573,0.03482271811588089
4,15,20.097923730994594,0.04789696444382764
5,0,14.0,0.0
5,1,14.5,0.0
5,2,15.0,0.0
5,3,15.5,0.0
5,4,16.0,0.0
5,5,16.5,0.0
5,6,17.0,0.0
5,7,17.5,0.0
5,8,18.0,0.0
5,9,18.5,0.0
5,10,19.0,0.0
5,11,19.5,0.0
5,12,19.64939923109522,0.01341155278694858
5,13,19.799273194144327,0.019559332870407502
5,14,19.948494603703573,0.03482271811588089
5,15,20.097923730994594,0.04789696444382764
5,16,20.246761054739995,0.06653700361510008
6,0,14.0,0.0
6,1,14.5,0.0
6,2,15.0,0.0
6,3,15.5,0.0
6,4,16.0,0.0
6,5,16.5,0.0
6,6,17.0,0.0
6,7,17.5,0.0
6,8,18.0,0.0
6,9,18.5,0.0
6,10,19.0,0.0
6,11,19.5,0.0
6,12,19.64939923109522,0.01341155278694858
6,13,19.799273194144327,0.019559332870407502
6,14,19.948494603703573,0.03482271811588089
6,15,20.097923730994594,0.04789696444382764
6,16,20.246761054739995,0.06653700361510008
6,17,20.395142896675107,0.08851037349646276
7,0,14.0,0.0
7,1,14.5,0.0
7,2,15.0,0.0
7,3,15.5,0.0
7,4,16.0,0.0
7,5,16.5,0.0
7,6,17.0,0.0
7,7,17.5,0.0
7,8,18.0,0.0
7,9,18.5,0.0
7,10,19.0,0.0
7,11,19.5,0.0
7,12,19.64939923109522,0.01341155278694858
7,13,19.799273194144327,0.019559332870407502
7,14,19.948494603703573,0.03482271811588089
7,15,20.097923730994594,0.04789696444382764
7,16,20.246761054739995,0.06653700361510008
7,17,20.395142896675107,0.08851037349646276
7,18,20.543611404648008,0.10989032065028825
8,0,14.0,0.0
8,1,14.5,0.0
8,2,15.0,0.0
8,3,15.5,0.0
8,4,16.0,0.0
8,5,16.5,0.0
8,6,17.0,0.0
8,7,17.5,0.0
8,8,18.0,0.0
8,9,18.5,0.0
8,10,19.0,0.0
8,11,19.5,0.0
8,12,19.64939923109522,0.01341155278694858
8,13,19.799273194144327,0.019559332870407502
8,14,19.948494603703573,0.03482271811588089
8,15,20.097923730994594,0.04789696444382764
8,16,20.246761054739995,0.06653700361510008
8,17,20.395142896675107,0.08851037349646276
8,18,20.543611404648008,0.10989032065028825
8,19,20.691684565221852,0.13385569395580607
9,0,14.0,0.0
9,1,14.5,0.0
9,2,15.0,0.0
9,3,15.5,0.0
9,4,16.0,0.0
9,5,16.5,0.0
9,6,17.0,0.0
9,7,17.5,0.0
9,8,18.0,0.0
9,9,18.5,0.0
9,10,19.0,0.0
9,11,19.5,0.0
9,12,19.64939923109522,0.01341155278694858
9,13,19.799273194144327,0.019559332870407502
9,14,19.948494603703573,0.03482271811588089
9,15,20.097923730994594,0.04789696444382764
9,16,20.246761054739995,0.06653700361510008
9,17,20.395142896675107,0.08851037349646276
9,18,20.543611404648008,0.10989032065028825
9,19,20.691684565221852,0.13385569395580607
9,20,20.83984151877297,0.15729747533973204
10,0,14.0,0.0
10,1,14.5,0.0
10,2,15.0,0.0
10,3,15.5,0.0
10,4,16.0,0.0
10,5,16.5,0.0
10,6,17.0,0.0
10,7,17.5,0.0
10,8,18.0,0.0
10,9,18.5,0.0
10,10,19.0,0.0
10,11,19.5,0.0
10,12,19.64939923109522,0.01341155278694858
10,13,19.799273194144327,0.019559332870407502
10,14,19.948494603703573,0.03482271811588089
10,15,20.097923730994594,0.04789696444382764
10,16,20.246761054739995,0.06653700361510008
10,17,20.395142896675107,0.08851037349646276
10,18,20.543611404648008,0.10989032065028825
10,19,20.691684565221852,0.13385569395580607
10,20,20.83984151877297,0.15729747533973204
10,21,20.987370068711822,0.18441438801318943
11,0,14.0,0.0
11,1,14.5,0.0
11,2,15.0,0.0
11,3,15.5,0.0
11,4,16.0,0.0
11,5,16.5,0.0
11,6,17.0,0.0
11,7,17.5,0.0
11,8,18.0,0.0
11,9,18.5,0.0
11,10,19.0,0.0
11,11,19.5,0.0
11,12,19.64939923109522,0.01341155278694858
11,13,19.799273194144327,0.019559332870407502
11,14,19.948494603703573,0.03482271811588089
11,15,20.097923730994594,0.04789696444382764
11,16,20.246761054739995,0.06653700361510008
11,17,20.395142896675107,0.08851037349646276
11,18,20.543611404648008,0.10989032065028825
11,19,20.691684565221852,0.13385569395580607
11,20,20.83984151877297,0.15729747533973204
11,21,20.987370068711822,0.18441438801318943
11,22,21.134913439578494,0.2114505436811072
12,0,14.0,0.0
12,1,14.5,0.0
12,2,15.0,0.0
12,3,15.5,0.0
12,4,16.0,0.0
12,5,16.5,0.0
12,6,17.0,0.0
12,7,17.5,0.0
12,8,18.0,0.0
12,9,18.5,0.0
12,10,19.0,0.0
12,11,19.5,0.0
12,12,19.64939923109522,0.01341155278694858
12,13,19.799273194144327,0.019559332870407502
12,14,19.948494603703573,0.03482271811588089
12,15,20.097923730994594,0.04789696444382764
12,16,20.246761054739995,0.06653700361510008
12,17,20.395142896675107,0.08851037349646276
12,18,20.543611404648008,0.10989032065028825
12,19,20.691684565221852,0.13385569395580607
12,20,20.83984151877297,0.15729747533973204
12,21,20.987370068711822,0.18441438801318943
12,22,21.134913439578494,0.2114505436811072
12,23,21.282558397500445,0.2379263137402483
13,0,14.0,0.0
13,1,14.5,0.0
13,2,15.0,0.0
13,3,15.5,0.0
13,4,16.0,0.0
13,5,16.5,0.0
13,6,17.0,0.0
13,7,17.5,0.0
13,8,18.0,0.0
13,9,18.5,0.0
13,10,19.0,0.0
13,11,19.5,0.0
13,12,19.64939923109522,0.01341155278694858
13,13,19.799273194144327,0.019559332870407502
13,14,19.948494603703573,0.03482271811588089
13,15,20.097923730994594,0.04789696444382764
13,16,20.246761054739995,0.06653700361510008
13,17,20.395142896675107,0.08851037349646276
13,18,20.543611404648008,0.10989032065028825
13,19,20.691684565221852,0.13385569395580607
13,20,20.83984151877297,0.15729747533973204
13,21,20.987370068711822,0.18441438801318943
13,22,21.134913439578494,0.2114505436811072
13,23,21.282558397500445,0.2379263137402483
13,24,21.42966322822714,0.2672549478180628
14,0,14.0,0.0
14,1,14.5,0.0
14,2,15.0,0.0
14,3,15.5,0.0
14,4,16.0,0.0
14,5,16.5,0.0
14,6,17.0,0.0
14,7,17.5,0.0
14,8,18.0,0.0
14,9,18.5,0.0
14,10,19.0,0.0
14,11,19.5,0.0
14,12,19.64939923109522,0.01341155278694858
14,13,19.799273194144327,0.019559332870407502
14,14,19.948494603703573,0.03482271811588089
14,15,20.097923730994594,0.04789696444382764
14,16,20.246761054739995,0.06653700361510008
14,17,20.395142896675107,0.08851037349646276
14,18,20.543611404648008,0.10989032065028825
14,19,20.691684565221852,0.13385569395580607
14,20,20.83984151877297,0.15729747533973204
14,21,20.987370068711822,0.18441438801318943
14,22,21.134913439578494,0.2114505436811072
14,23,21.282558397500445,0.2379263137402483
14,24,21.42966322822714,0.2672549478180628
14,25,21.576953788798374,0.2956361170436723
15,0,14.0,0.0
15,1,14.5,0.0
15,2,15.0,0.0
15,3,15.5,0.0
15,4,16.0,0.0
15,5,16.5,0.0
15,6,17.0,0.0
15,7,17.5,0.0
15,8,18.0,0.0
15,9,18.5,0.0
15,10,19.0,0.0
15,11,19.5,0.0
15,12,19.64939923109522,0.01341155278694858
15,13,19.799273194144327,0.019559332870407502
15,14,19.948494603703573,0.03482271811588089
15,15,20.097923730994594,0.04789696444382764
15,16,20.246761054739995,0.06653700361510008
15,17,20.395142896675107,0.08851037349646276
15,18,20.543611404648008,0.10989032065028825
15,19,20.691684565221852,0.13385569395580607
15,20,20.83984151877297,0.15729747533973204
15,21,20.987370068711822,0.18441438801318943
15,22,21.134913439578494,0.2114505436811072
15,23,21.282558397500445,0.2379263137402483
15,24,21.42966322822714,0.2672549478180628
15,25,21.576953788798374,0.2956361170436723
15,26,21.723436252843946,0.3279298893091991
16,0,14.0,0.0
16,1,14.5,0.0
16,2,15.0,0.0
16,3,15.5,0.0
16,4,16.0,0.0
16,5,16.5,0.0
16,6,17.0,0.0
16,7,17.5,0.0
16,8,18.0,0.0
16,9,18.5,0.0
16,10,19.0,0.0
16,11,19.5,0.0
16,12,19.64939923109522,0.01341155278694858
16,13,19.799273194144327,0.019559332870407502
16,14,19.948494603703573,0.03482271811588089
16,15,20.097923730994594,0.04789696444382764
16,16,20.246761054739995,0.06653700361510008
16,17,20.395142896675107,0.08851037349646276
16,18,20.543611404648008,0.10989032065028825
16,19,20.691684565221852,0.13385569395580607
16,20,20.83984151877297,0.15729747533973204
16,21,20.987370068711822,0.18441438801318943
16,22,21.134913439578494,0.2114505436811072
16,23,21.282558397500445,0.2379263137402483
16,24,21.42966322822714,0.2672549478180628
16,25,21.576953788798374,0.2956361170436723
16,26,21.723436252843946,0.3279298893091991
16,27,21.87043581509257,0.3577816681291118
17,0,14.0,0.0
17,1,14.5,0.0
17,2,15.0,0.0
17,3,15.5,0.0
17,4,16.0,0.0
17,5,16.5,0.0
17,6,17.0,0.0
17,7,17.5,0.0
17,8,18.0,0.0
17,9,18.5,0.0
17,10,19.0,0.0
17,11,19.5,0.0
17,12,19.64939923109522,0.01341155278694858
17,13,19.799273194144327,0.019559332870407502
17,14,19.948494603703573,0.03482271811588089
17,15,20.097923730994594,0.04789696444382764
17,16,20.246761054739995,0.06653700361510008
17,17,20.395142896675107,0.08851037349646276
17,18,20.543611404648008,0.10989032065028825
17,19,20.691684565221852,0.13385569395580607
17,20,20.83984151877297,0.15729747533973204
17,21,20.987370068711822,0.18441438801318943
17,22,21.134913439578494,0.2114505436811072
17,23,21.282558397500445,0.2379263137402483
17,24,21.42966322822714,0.2672549478180628
17,25,21.576953788798374,0.2956361170436723
17,26,21.723436252843946,0.3279298893091991
17,27,21.87043581509257,0.3577816681291118
17,28,22.016347470446025,0.3925636869321451
18,0,14.0,0.0
18,1,14.5,0.0
18,2,15.0,0.0
18,3,15.5,0.0
18,4,16.0,0.0
18,5,16.5,0.0
18,6,17.0,0.0
18,7,17.5,0.0
18,8,18.0,0.0
18,9,18.5,0.0
18,10,19.0,0.0
18,11,19.5,0.0
18,12,19.64939923109522,0.01341155278694858
18,13,19.799273194144327,0.019559332870407502
18,14,19.948494603703573,0.03482271811588089
18,15,20.097923730994594,0.04789696444382764
18,16,20.246761054739995,0.06653700361510008
18,17,20.395142896675107,0.08851037349646276
18,18,20.543611404648008,0.10989032065028825
18,19,20.691684565221852,0.13385569395580607
18,20,20.83984151877297,0.15729747533973204
18,21,20.987370068711822,0.18441438801318943
18,22,21.134913439578494,0.2114505436811072
18,23,21.282558397500445,0.2379263137402483
18,24,21.42966322822714,0.2672549478180628
18,25,21.576953788798374,0.2956361170436723
18,26,21.723436252843946,0.3279298893091991
18,27,21.87043581509257,0.3577816681291118
18,28,22.016347470446025,0.3925636869321451
18,29,22.162685809625795,0.4255043986139828
19,0,14.0,0.0
19,1,14.5,0.0
19,2,15.0,0.0
19,3,15.5,0.0
19,4,16.0,0.0
19,5,16.5,0.0
19,6,17.0,0.0
19,7,17.5,0.0
19,8,18.0,0.0
19,9,18.5,0.0
19,10,19.0,0.0
19,11,19.5,0.0
19,12,19.64939923109522,0.01341155278694858
19,13,19.799273194144327,0.019559332870407502
19,14,19.948494603703573,0.03482271811588089
19,15,20.097923730994594,0.04789696444382764
19,16,20.246761054739995,0.06653700361510008
19,17,20.395142896675107,0.08851037349646276
19,18,20.543611404648008,0.10989032065028825
19,19,20.691684565221852,0.13385569395580607
19,20,20.83984151877297,0.15729747533973204
19,21,20.987370068711822,0.18441438801318943
19,22,21.134913439578494,0.2114505436811072
19,23,21.282558397500445,0.2379263137402483
19,24,21.42966322822714,0.2672549478180628
19,25,21.576953788798374,0.2956361170436723
19,26,21.723436252843946,0.3279298893091991
19,27,21.87043581509257,0.3577816681291118
19,28,22.016347470446025,0.3925636869321451
19,29,22.162685809625795,0.4255043986139828
19,30,22.30761786711138,0.4641657321786139
20,0,14.0,0.0
20,1,14.5,0.0
20,2,15.0,0.0
20,3,15.5,0.0
20,4,16.0,0.0
20,5,16.5,0.0
20,6,17.0,0.0
20,7,17.5,0.0
20,8,18.0,0.0
20,9,18.5,0.0
20,10,19.0,0.0
20,11,19.5,0.0
20,12,19.64939923109522,0.01341155278694858
20,13,19.799273194144327,0.019559332870407502
20,14,19.948494603703573,0.03482271811588089
20,15,20.097923730994594,0.04789696444382764
20,16,20.246761054739995,0.06653700361510008
20,17,20.395142896675107,0.08851037349646276
20,18,20.543611404648008,0.10989032065028825
20,19,20.691684565221852,0.13385569395580607
20,20,20.83984151877297,0.15729747533973204
20,21,20.987370068711822,0.18441438801318943
20,22,21.134913439578494,0.2114505436811072
20,23,21.282558397500445,0.2379263137402483
20,24,21.42966322822714,0.2672549478180628
20,25,21.576953788798374,0.2956361170436723
20,26,21.723436252843946,0.3279298893091991
20,27,21.87043581509257,0.3577816681291118
20,28,22.016347470446025,0.3925636869321451
20,29,22.162685809625795,0.4255043986139828
20,30,22.30761786711138,0.4641657321786139
20,31,22.452987806169862,0.5011465490724226
21,0,14.0,0.0
21,1,14.5,0.0
21,2,15.0,0.0
21,3,15.5,0.0
21,4,16.0,0.0
21,5,16.5,0.0
21,6,17.0,0.0
21,7,17.5,0.0
21,8,18.0,0.0
21,9,18.5,0.0
21,10,19.0,0.0
21,11,19.5,0.0
21,12,19.64939923109522,0.01341155278694858
21,13,19.799273194144327,0.019559332870407502
21,14,19.948494603703573,0.03482271811588089
21,15,20.097923730994594,0.04789696444382764
21,16,20.246761054739995,0.06653700361510008
21,17,20.395142896675107,0.08851037349646276
21,18,20.543611404648008,0.10989032065028825
21,19,20.691684565221852,0.13385569395580607
21,20,20.83984151877297,0.15729747533973204
21,21,20.987370068711822,0.18441438801318943
21,22,21.134913439578494,0.2114505436811072
21,23,21.282558397500445,0.2379263137402483
21,24,21.42966322822714,0.2672549478180628
21,25,21.576953788798374,0.2956361170436723
21,26,21.723436252843946,0.3279298893091991
21,27,21.87043581509257,0.3577816681291118
21,28,22.016347470446025,0.3925636869321451
21,29,22.162685809625795,0.4255043986139828
21,30,22.30761786711138,0.4641657321786139
21,31,22.452987806169862,0.5011465490724226
21,32,22.597220908191385,0.5423389304219982
22,0,14.0,0.0
22,1,14.5,0.0
22,2,15.0,0.0
22,3,15.5,0.0
22,4,16.0,0.0
22,5,16.5,0.0
22,6,17.0,0.0
22,7,17.5,0.0
22,8,18.0,0.0
22,9,18.5,0.0
22,10,19.0,0.0
22,11,19.5,0.0
22,12,19.64939923109522,0.01341155278694858
22,13,19.799273194144327,0.019559332870407502
22,14,19.948494603703573,0.03482271811588089
22,15,20.097923730994594,0.04789696444382764
22,16,20.246761054739995,0.06653700361510008
22,17,20.395142896675107,0.08851037349646276
22,18,20.543611404648008,0.10989032065028825
22,19,20.691684565221852,0.13385569395580607
22,20,20.83984151877297,0.15729747533973204
22,21,20.987370068711822,0.18441438801318943
22,22,21.134913439578494,0.2114505436811072
22,23,21.282558397500445,0.2379263137402483
22,24,21.42966322822714,0.2672549478180628
22,25,21.576953788798374,0.2956361170436723
22,26,21.723436252843946,0.3279298893091991
22,27,21.87043581509257,0.3577816681291118
22,28,22.016347470446025,0.3925636869321451
22,29,22.162685809625795,0.4255043986139828
22,30,22.30761786711138,0.4641657321786139
22,31,22.452987806169862,0.5011465490724226
22,32,22.597220908191385,0.5423389304219982
22,33,22.74117426152714,0.5844985326899509
23,0,14.0,0.0
23,1,14.5,0.0
23,2,15.0,0.0
23,3,15.5,0.0
23,4,16.0,0.0
23,5,16.5,0.0
23,6,17.0,0.0
23,7,17.5,0.0
23,8,18.0,0.0
23,9,18.5,0.0
23,10,19.0,0.0
23,11,19.5,0.0
23,12,19.64939923109522,0.01341155278694858
23,13,19.799273194144327,0.019559332870407502
23,14,19.948494603703573,0.03482271811588089
23,15,20.097923730994594,0.04789696444382764
23,16,20.246761054739995,0.06653700361510008
23,17,20.395142896675107,0.08851037349646276
23,18,20.543611404648008,0.10989032065028825
23,19,20.691684565221852,0.13385569395580607
23,20,20.83984151877297,0.15729747533973204
23,21,20.987370068711822,0.18441438801318943
23,22,21.134913439578494,0.2114505436811072
23,23,21.282558397500445,0.2379263137402483
23,24,21.42966322822714,0.2672549478180628
23,25,21.576953788798374,0.2956361170436723
23,26,21.723436252843946,0.3279298893091991
23,27,21.87043581509257,0.3577816681291118
23,28,22.016347470446025,0.3925636869321451
23,29,22.162685809625795,0.4255043986139828
23,30,22.30761786711138,0.4641657321786139
23,31,22.452987806169862,0.5011465490724226
23,32,22.597220908191385,0.5423389304219982
23,33,22.74117426152714,0.5844985326899509
23,34,22.884172773522558,0.6297911983997071
24,0,14.0,0.0
24,1,14.5,0.0
24,2,15.0,0.0
24,3,15.5,0.0
24,4,16.0,0.0
24,5,16.5,0.0
24,6,17.0,0.0
24,7,17.5,0.0
24,8,18.0,0.0
24,9,18.5,0.0
24,10,19.0,0.0
24,11,19.5,0.0
24,12,19.64939923109522,0.01341155278694858
24,13,19.799273194144327,0.019559332870407502
24,14,19.948494603703573,0.03482271811588089
24,15,20.097923730994594,0.04789696444382764
24,16,20.246761054739995,0.06653700361510008
24,17,20.395142896675107,0.08851037349646276
24,18,20.543611404648008,0.10989032065028825
24,19,20.691684565221852,0.13385569395580607
24,20,20.83984151877297,0.15729747533973204
24,21,20.987370068711822,0.18441438801318943
24,22,21.134913439578494,0.2114505436811072
24,23,21.282558397500445,0.2379263137402483
24,24,21.42966322822714,0.2672549478180628
24,25,21.576953788798374,0.2956361170436723
24,26,21.723436252843946,0.3279298893091991
24,27,21.87043581509257,0.3577816681291118
24,28,22.016347470446025,0.3925636869321451
24,29,22.162685809625795,0.4255043986139828
24,30,22.30761786711138,0.4641657321786139
24,31,22.452987806169862,0.5011465490724226
24,32,22.597220908191385,0.5423389304219982
24,33,22.74117426152714,0.5844985326899509
24,34,22.884172773522558,0.6297911983997071
24,35,23.026609669183507,0.6768202400066949
25,0,14.0,0.0
25,1,14.5,0.0
25,2,15.0,0.0
25,3,15.5,0.0
25,4,16.0,0.0
25,5,16.5,0.0
25,6,17.0,0.0
25,7,17.5,0.0
25,8,18.0,0.0
25,9,18.5,0.0
25,10,19.0,0.0
25,11,19.5,0.0
25,12,19.64939923109522,0.01341155278694858
25,13,19.799273194144327,0.019559332870407502
25,14,19.948494603703573,0.03482271811588089
25,15,20.097923730994594,0.04789696444382764
25,16,20.246761054739995,0.06653700361510008
25,17,20.395142896675107,0.08851037349646276
25,18,20.543611404648008,0.10989032065028825
25,19,20.691684565221852,0.13385569395580607
25,20,20.83984151877297,0.15729747533973204
25,21,20.987370068711822,0.18441438801318943
25,22,21.134913439578494,0.2114505436811072
25,23,21.282558397500445,0.2379263137402483
25,24,21.42966322822714,0.2672549478180628
25,25,21.576953788798374,0.2956361170436723
25,26,21.723436252843946,0.3279298893091991
25,27,21.87043581509257,0.3577816681291118
25,28,22.016347470446025,0.3925636869321451
25,29,22.162685809625795,0.4255043986139828
25,30,22.30761786711138,0.4641657321786139
25,31,22.452987806169862,0.5011465490724226
25,32,22.597220908191385,0.5423389304219982
25,33,22.74117426152714,0.5844985326899509
25,34,22.884172773522558,0.6297911983997071
25,35,23.026609669183507,0.6768202400066949
25,36,23.168193927762886,0.7263570719858132
26,0,14.0,0.0
26,1,14.5,0.0
26,2,15.0,0.0
26,3,15.5,0.0
26,4,16.0,0.0
26,5,16.5,0.0
26,6,17.0,0.0
26,7,17.5,0.0
26,8,18.0,0.0
26,9,18.5,0.0
26,10,19.0,0.0
26,11,19.5,0.0
26,12,19.64939923109522,0.01341155278694858
26,13,19.799273194144327,0.019559332870407502
26,14,19.948494603703573,0.03482271811588089
26,15,20.097923730994594,0.04789696444382764
26,16,20.246761054739995,0.06653700361510008
26,17,20.395142896675107,0.08851037349646276
26,18,20.543611404648008,0.10989032065028825
26,19,20.691684565221852,0.13385569395580607
26,20,20.83984151877297,0.15729747533973204
26,21,20.987370068711822,0.18441438801318943
26,22,21.134913439578494,0.2114505436811072
26,23,21.282558397500445,0.2379263137402483
26,24,21.42966322822714,0.2672549478180628
26,25,21.576953788798374,0.2956361170436723
26,26,21.723436252843946,0.3279298893091991
26,27,21.87043581509257,0.3577816681291118
26,28,22.016347470446025,0.3925636869321451
26,29,22.162685809625795,0.4255043986139828
26,30,22.30761786711138,0.4641657321786139
26,31,22.452987806169862,0.5011465490724226
26,32,22.597220908191385,0.5423389304219982
26,33,22.74117426152714,0.5844985326899509
26,34,22.884172773522558,0.6297911983997071
26,35,23.026609669183507,0.6768202400066949
26,36,23.168193927762886,0.7263570719858132
26,37,23.308986387712118,0.7781014747888454
27,0,14.0,0.0
27,1,14.5,0.0
27,2,15.0,0.0
27,3,15.5,0.0
27,4,16.0,0.0
27,5,16.5,0.0
27,6,17.0,0.0
27,7,17.5,0.0
27,8,18.0,0.0
27,9,18.5,0.0
27,10,19.0,0.0
27,11,19.5,0.0
27,12,19.64939923109522,0.01341155278694858
27,13,19.799273194144327,0.019559332870407502
27,14,19.948494603703573,0.03482271811588089
27,15,20.097923730994594,0.04789696444382764
27,16,20.246761054739995,0.06653700361510008
27,17,20.395142896675107,0.08851037349646276
27,18,20.543611404648008,0.10989032065028825
27,19,20.691684565221852,0.13385569395580607
27,20,20.83984151877297,0.15729747533973204
27,21,20.987370068711822,0.18441438801318943
27,22,21.134913439578494,0.2114505436811072
27,23,21.282558397500445,0.2379263137402483
27,24,21.42966322822714,0.2672549478180628
27,25,21.576953788798374,0.2956361170436723
27,26,21.723436252843946,0.3279298893091991
27,27,21.87043581509257,0.3577816681291118
27,28,22.016347470446025,0.3925636869321451
27,29,22.162685809625795,0.4255043986139828
27,30,22.30761786711138,0.4641657321786139
27,31,22.452987806169862,0.5011465490724226
27,32,22.597220908191385,0.5423389304219982
27,33,22.74117426152714,0.5844985326899509
27,34,22.884172773522558,0.6297911983997071
27,35,23.026609669183507,0.6768202400066949
27,36,23.168193927762886,0.7263570719858132
27,37,23.308986387712118,0.7781014747888454
27,38,23.448384889723073,0.8334915247716838
28,0,14.0,0.0
28,1,14.5,0.0
28,2,15.0,0.0
28,3,15.5,0.0
28,4,16.0,0.0
28,5,16.5,0.0
28,6,17.0,0.0
28,7,17.5,0.0
28,8,18.0,0.0
28,9,18.5,0.0
28,10,19.0,0.0
28,11,19.5,0.0
28,12,19.64939923109522,0.01341155278694858
28,13,19.799273194144327,0.019559332870407502
28,14,19.948494603703573,0.03482271811588089
28,15,20.097923730994594,0.04789696444382764
28,16,20.246761054739995,0.06653700361510008
28,17,20.395142896675107,0.08851037349646276
28,18,20.543611404648008,0.10989032065028825
28,19,20.691684565221852,0.13385569395580607
28,20,20.83984151877297,0.15729747533973204
28,21,20.987370068711822,0.18441438801318943
28,22,21.134913439578494,0.2114505436811072
28,23,21.282558397500445,0.2379263137402483
28,24,21.42966322822714,0.2672549478180628
28,25,21.576953788798374,0.2956361170436723
28,26,21.723436252843946,0.3279298893091991
28,27,21.87043581509257,0.3577816681291118
28,28,22.016347470446025,0.3925636869321451
28,29,22.162685809625795,0.4255043986139828
28,30,22.30761786711138,0.4641657321786139
28,31,22.452987806169862,0.5011465490724226
28,32,22.597220908191385,0.5423389304219982
28,33,22.74117426152714,0.5844985326899509
28,34,22.884172773522558,0.6297911983997071
28,35,23.026609669183507,0.6768202400066949
28,36,23.168193927762886,0.7263570719858132
28,37,23.308986387712118,0.7781014747888454
28,38,23.448384889723073,0.8334915247716838
28,39,23.587032687392764,0.8907347619385617
29,0,14.0,0.0
29,1,14.5,0.0
29,2,15.0,0.0
29,3,15.5,0.0
29,4,16.0,0.0
29,5,16.5,0.0
29,6,17.0,0.0
29,7,17.5,0.0
29,8,18.0,0.0
29,9,18.5,0.0
29,10,19.0,0.0
29,11,19.5,0.0
29,12,19.64939923109522,0.01341155278694858
29,13,19.799273194144327,0.019559332870407502
29,14,19.948494603703573,0.03482271811588089
29,15,20.097923730994594,0.04789696444382764
29,16,20.246761054739995,0.06653700361510008
29,17,20.395142896675107,0.08851037349646276
29,18,20.543611404648008,0.10989032065028825
29,19,20.691684565221852,0.13385569395580607
29,20,20.83984151877297,0.15729747533973204
29,21,20.987370068711822,0.18441438801318943
29,22,21.134913439578494,0.2114505436811072
29,23,21.282558397500445,0.2379263137402483
29,24,21.42966322822714,0.2672549478180628
29,25,21.576953788798374,0.2956361170436723
29,26,21.723436252843946,0.3279298893091991
29,27,21.87043581509257,0.3577816681291118
29,28,22.016347470446025,0.3925636869321451
29,29,22.162685809625795,0.4255043986139828
29,30,22.30761786711138,0.4641657321786139
29,31,22.452987806169862,0.5011465490724226
29,32,22.597220908191385,0.5423389304219982
29,33,22.74117426152714,0.5844985326899509
29,34,22.884172773522558,0.6297911983997071
29,35,23.026609669183507,0.6768202400066949
29,36,23.168193927762886,0.7263570719858132
29,37,23.308986387712118,0.7781014747888454
29,38,23.448384889723073,0.8334915247716838
29,39,23.587032687392764,0.8907347619385617
29,40,23.723815094684767,0.9523023918702432
30,0,14.0,0.0
30,1,14.5,0.0
30,2,15.0,0.0
30,3,15.5,0.0
30,4,16.0,0.0
30,5,16.5,0.0
30,6,17.0,0.0
30,7,17.5,0.0
30,8,18.0,0.0
30,9,18.5,0.0
30,10,19.0,0.0
30,11,19.5,0.0
30,12,19.64939923109522,0.01341155278694858
30,13,19.799273194144327,0.019559332870407502
30,14,19.948494603703573,0.03482271811588089
30,15,20.097923730994594,0.04789696444382764
30,16,20.246761054739995,0.06653700361510008
30,17,20.395142896675107,0.08851037349646276
30,18,20.543611404648008,0.10989032065028825
30,19,20.691684565221852,0.13385569395580607
30,20,20.83984151877297,0.15729747533973204
30,21,20.987370068711822,0.18441438801318943
30,22,21.134913439578494,0.2114505436811072
30,23,21.282558397500445,0.2379263137402483
30,24,21.42966322822714,0.2672549478180628
30,25,21.576953788798374,0.2956361170436723
30,26,21.723436252843946,0.3279298893091991
30,27,21.87043581509257,0.3577816681291118
30,28,22.016347470446025,0.3925636869321451
30,29,22.162685809625795,0.4255043986139828
30,30,22.30761786711138,0.4641657321786139
30,31,22.452987806169862,0.5011465490724226
30,32,22.597220908191385,0.5423389304219982
30,33,22.74117426152714,0.5844985326899509
30,34,22.884172773522558,0.6297911983997071
30,35,23.026609669183507,0.6768202400066949
30,36,23.168193927762886,0.7263570719858132
30,37,23.308986387712118,0.7781014747888454
30,38,23.448384889723073,0.8334915247716838
30,39,23.587032687392764,0.8907347619385617
30,40,23.723815094684767,0.9523023918702432
30,41,23.859946171824557,1.015297072889837
31,0,14.0,0.0
31,1,14.5,0.0
31,2,15.0,0.0
31,3,15.5,0.0
31,4,16.0,0.0
31,5,16.5,0.0
31,6,17.0,0.0
31,7,17.5,0.0
31,8,18.0,0.0
31,9,18.5,0.0
31,10,19.0,0.0
31,11,19.5,0.0
31,12,19.64939923109522,0.01341155278694858
31,13,19.799273194144327,0.019559332870407502
31,14,19.948494603703573,0.03482271811588089
31,15,20.097923730994594,0.04789696444382764
31,16,20.246761054739995,0.06653700361510008
31,17,20.395142896675107,0.08851037349646276
31,18,20.543611404648008,0.10989032065028825
31,19,20.691684565221852,0.13385569395580607
31,20,20.83984151877297,0.15729747533973204
31,21,20.987370068711822,0.18441438801318943
31,22,21.134913439578494,0.2114505436811072
31,23,21.282558397500445,0.2379263137402483
31,24,21.42966322822714,0.2672549478180628
31,25,21.576953788798374,0.2956361170436723
31,26,21.723436252843946,0.3279298893091991
31,27,21.87043581509257,0.3577816681291118
31,28,22.016347470446025,0.3925636869321451
31,29,22.162685809625795,0.4255043986139828
31,30,22.30761786711138,0.4641657321786139
31,31,22.452987806169862,0.5011465490724226
31,32,22.597220908191385,0.5423389304219982
31,33,22.74117426152714,0.5844985326899509
31,34,22.884172773522558,0.6297911983997071
31,35,23.026609669183507,0.6768202400066949
31,36,23.168193927762886,0.7263570719858132
31,37,23.308986387712118,0.7781014747888454
31,38,23.448384889723073,0.8334915247716838
31,39,23.587032687392764,0.8907347619385617
31,40,23.723815094684767,0.9523023918702432
31,41,23.859946171824557,1.015297072889837
31,42,23.99419903528744,1.0822012480362058
32,0,14.0,0.0
32,1,14.5,0.0
32,2,15.0,0.0
32,3,15.5,0.0
32,4,16.0,0.0
32,5,16.5,0.0
32,6,17.0,0.0
32,7,17.5,0.0
32,8,18.0,0.0
32,9,18.5,0.0
32,10,19.0,0.0
32,11,19.5,0.0
32,12,19.64939923109522,0.01341155278694858
32,13,19.799273194144327,0.019559332870407502
32,14,19.948494603703573,0.03482271811588089
32,15,20.097923730994594,0.04789696444382764
32,16,20.246761054739995,0.06653700361510008
32,17,20.395142896675107,0.08851037349646276
32,18,20.543611404648008,0.10989032065028825
32,19,20.691684565221852,0.13385569395580607
32,20,20.83984151877297,0.15729747533973204
32,21,20.987370068711822,0.18441438801318943
32,22,21.134913439578494,0.2114505436811072
32,23,21.282558397500445,0.2379263137402483
32,24,21.42966322822714,0.2672549478180628
32,25,21.576953788798374,0.2956361170436723
32,26,21.723436252843946,0.3279298893091991
32,27,21.87043581509257,0.3577816681291118
32,28,22.016347470446025,0.3925636869321451
32,29,22.162685809625795,0.4255043986139828
32,30,22.30761786711138,0.4641657321786139
32,31,22.452987806169862,0.5011465490724226
32,32,22.597220908191385,0.5423389304219982
32,33,22.74117426152714,0.5844985326899509
32,34,22.884172773522558,0.6297911983997071
32,35,23.026609669183507,0.6768202400066949
32,36,23.168193927762886,0.7263570719858132
32,37,23.308986387712118,0.7781014747888454
32,38,23.448384889723073,0.8334915247716838
32,39,23.587032687392764,0.8907347619385617
32,40,23.723815094684767,0.9523023918702432
32,41,23.859946171824557,1.015297072889837
32,42,23.99419903528744,1.0822012480362058
32,43,24.127289431502497,1.1513890102150701
33,0,14.0,0.0
33,1,14.5,0.0
33,2,15.0,0.0
33,3,15.5,0.0
33,4,16.0,0.0
33,5,16.5,0.0
33,6,17.0,0.0
33,7,17.5,0.0
33,8,18.0,0.0
33,9,18.5,0.0
33,10,19.0,0.0
33,11,19.5,0.0
33,12,19.64939923109522,0.01341155278694858
33,13,19.799273194144327,0.019559332870407502
33,14,19.948494603703573,0.03482271811588089
33,15,20.097923730994594,0.04789696444382764
33,16,20.246761054739995,0.06653700361510008
33,17,20.395142896675107,0.08851037349646276
33,18,20.543611404648008,0.10989032065028825
33,19,20.691684565221852,0.13385569395580607
33,20,20.83984151877297,0.15729747533973204
33,21,20.987370068711822,0.18441438801318943
33,22,21.134913439578494,0.2114505436811072
33,23,21.282558397500445,0.2379263137402483
33,24,21.42966322822714,0.2672549478180628
33,25,21.576953788798374,0.2956361170436723
33,26,21.723436252843946,0.3279298893091991
33,27,21.87043581509257,0.3577816681291118
33,28,22.016347470446025,0.3925636869321451
33,29,22.162685809625795,0.4255043986139828
33,30,22.30761786711138,0.4641657321786139
33,31,22.452987806169862,0.5011465490724226
33,32,22.597220908191385,0.5423389304219982
33,33,22.74117426152714,0.5844985326899509
33,34,22.884172773522558,0.6297911983997071
33,35,23.026609669183507,0.6768202400066949
33,36,23.168193927762886,0.7263570719858132
33,37,23.308986387712118,0.7781014747888454
33,38,23.448384889723073,0.8334915247716838
33,39,23.587032687392764,0.8907347619385617
33,40,23.723815094684767,0.9523023918702432
33,41,23.859946171824557,1.015297072889837
33,42,23.99419903528744,1.0822012480362058
33,43,24.127289431502497,1.1513890102150701
33,44,24.2584671130007,1.2241380024881892
34,0,14.0,0.0
34,1,14.5,0.0
34,2,15.0,0.0
34,3,15.5,0.0
34,4,16.0,0.0
34,5,16.5,0.0
34,6,17.0,0.0
34,7,17.5,0.0
34,8,18.0,0.0
34,9,18.5,0.0
34,10,19.0,0.0
34,11,19.5,0.0
34,12,19.64939923109522,0.01341155278694858
34,13,19.799273194144327,0.019559332870407502
34,14,19.948494603703573,0.03482271811588089
34,15,20.097923730994594,0.04789696444382764
34,16,20.246761054739995,0.06653700361510008
34,17,20.395142896675107,0.08851037349646276
34,18,20.543611404648008,0.10989032065028825
34,19,20.691684565221852,0.13385569395580607
34,20,20.83984151877297,0.15729747533973204
34,21,20.987370068711822,0.18441438801318943
34,22,21.134913439578494,0.2114505436811072
34,23,21.282558397500445,0.2379263137402483
34,24,21.42966322822714,0.2672549478180628
34,25,21.576953788798374,0.2956361170436723
34,26,21.723436252843946,0.3279298893091991
34,27,21.87043581509257,0.3577816681291118
34,28,22.016347470446025,0.3925636869321451
34,29,22.162685809625795,0.4255043986139828
34,30,22.30761786711138,0.4641657321786139
34,31,22.452987806169862,0.5011465490724226
34,32,22.597220908191385,0.5423389304219982
34,33,22.74117426152714,0.5844985326899509
34,34,22.884172773522558,0.6297911983997071
34,35,23.026609669183507,0.6768202400066949
34,36,23.168193927762886,0.7263570719858132
34,37,23.308986387712118,0.7781014747888454
34,38,23.448384889723073,0.8334915247716838
34,39,23.587032687392764,0.8907347619385617
34,40,23.723815094684767,0.9523023918702432
34,41,23.859946171824557,1.015297072889837
34,42,23.99419903528744,1.0822012480362058
34,43,24.127289431502497,1.1513890102150701
34,44,24.2584671130007,1.2241380024881892
34,45,24.387659828398196,1.300356387988161
35,0,14.0,0.0
35,1,14.5,0.0
35,2,15.0,0.0
35,3,15.5,0.0
35,4,16.0,0.0
35,5,16.5,0.0
35,6,17.0,0.0
35,7,17.5,0.0
35,8,18.0,0.0
35,9,18.5,0.0
35,10,19.0,0.0
35,11,19.5,0.0
35,12,19.64939923109522,0.01341155278694858
35,13,19.799273194144327,0.019559332870407502
35,14,19.948494603703573,0.03482271811588089
35,15,20.097923730994594,0.04789696444382764
35,16,20.246761054739995,0.06653700361510008
35,17,20.395142896675107,0.08851037349646276
35,18,20.543611404648008,0.10989032065028825
35,19,20.691684565221852,0.13385569395580607
35,20,20.83984151877297,0.15729747533973204
35,21,20.987370068711822,0.18441438801318943
35,22,21.134913439578494,0.2114505436811072
35,23,21.282558397500445,0.2379263137402483
35,24,21.42966322822714,0.2672549478180628
35,25,21.576953788798374,0.2956361170436723
35,26,21.723436252843946,0.3279298893091991
35,27,21.87043581509257,0.3577816681291118
35,28,22.016347470446025,0.3925636869321451
35,29,22.162685809625795,0.4255043986139828
35,30,22.30761786711138,0.4641657321786139
35,31,22.452987806169862,0.5011465490724226
35,32,22.597220908191385,0.5423389304219982
35,33,22.74117426152714,0.5844985326899509
35,34,22.884172773522558,0.6297911983997071
35,35,23.026609669183507,0.6768202400066949
35,36,23.168193927762886,0.7263570719858132
35,37,23.308986387712118,0.7781014747888454
35,38,23.448384889723073,0.8334915247716838
35,39,23.587032687392764,0.8907347619385617
35,40,23.723815094684767,0.9523023918702432
35,41,23.859946171824557,1.015297072889837
35,42,23.99419903528744,1.0822012480362058
35,43,24.127289431502497,1.1513890102150701
35,44,24.2584671130007,1.2241380024881892
35,45,24.387659828398196,1.300356387988161
35,46,24.51464781935799,1.3801940367010037
36,0,14.0,0.0
36,1,14.5,0.0
36,2,15.0,0.0
36,3,15.5,0.0
36,4,16.0,0.0
36,5,16.5,0.0
36,6,17.0,0.0
36,7,17.5,0.0
36,8,18.0,0.0
36,9,18.5,0.0
36,10,19.0,0.0
36,11,19.5,0.0
36,12,19.64939923109522,0.01341155278694858
36,13,19.799273194144327,0.019559332870407502
36,14,19.948494603703573,0.03482271811588089
36,15,20.097923730994594,0.04789696444382764
36,16,20.246761054739995,0.06653700361510008
36,17,20.395142896675107,0.08851037349646276
36,18,20.543611404648008,0.10989032065028825
36,19,20.691684565221852,0.13385569395580607
36,20,20.83984151877297,0.15729747533973204
36,21,20.987370068711822,0.18441438801318943
36,22,21.134913439578494,0.2114505436811072
36,23,21.282558397500445,0.2379263137402483
36,24,21.42966322822714,0.2672549478180628
36,25,21.576953788798374,0.2956361170436723
36,26,21.723436252843946,0.3279298893091991
36,27,21.87043581509257,0.3577816681291118
36,28,22.016347470446025,0.3925636869321451
36,29,22.162685809625795,0.4255043986139828
36,30,22.30761786711138,0.4641657321786139
36,31,22.452987806169862,0.5011465490724226
36,32,22.597220908191385,0.5423389304219982
36,33,22.74117426152714,0.5844985326899509
36,34,22.884172773522558,0.6297911983997071
36,35,23.026609669183507,0.6768202400066949
36,36,23.168193927762886,0.7263570719858132
36,37,23.308986387712118,0.7781014747888454
36,38,23.448384889723073,0.8334915247716838
36,39,23.587032687392764,0.8907347619385617
36,40,23.723815094684767,0.9523023918702432
36,41,23.859946171824557,1.015297072889837
36,42,23.99419903528744,1.0822012480362058
36,43,24.127289431502497,1.1513890102150701
36,44,24.2584671130007,1.2241380024881892
36,45,24.387659828398196,1.300356387988161
36,46,24.51464781935799,1.3801940367010037
36,47,24.639026138465198,1.4640393331466912
37,0,14.0,0.0
37,1,14.5,0.0
37,2,15.0,0.0
37,3,15.5,0.0
37,4,16.0,0.0
37,5,16.5,0.0
37,6,17.0,0.0
37,7,17.5,0.0
37,8,18.0,0.0
37,9,18.5,0.0
37,10,19.0,0.0
37,11,19.5,0.0
37,12,19.64939923109522,0.01341155278694858
37,13,19.799273194144327,0.019559332870407502
37,14,19.948494603703573,0.03482271811588089
37,15,20.097923730994594,0.04789696444382764
37,16,20.246761054739995,0.06653700361510008
37,17,20.395142896675107,0.08851037349646276
37,18,20.543611404648008,0.10989032065028825
37,19,20.691684565221852,0.13385569395580607
37,20,20.83984151877297,0.15729747533973204
37,21,20.987370068711822,0.18441438801318943
37,22,21.134913439578494,0.2114505436811072
37,23,21.282558397500445,0.2379263137402483
37,24,21.42966322822714,0.2672549478180628
37,25,21.576953788798374,0.2956361170436723
37,26,21.723436252843946,0.3279298893091991
37,27,21.87043581509257,0.3577816681291118
37,28,22.016347470446025,0.3925636869321451
37,29,22.162685809625795,0.4255043986139828
37,30,22.30761786711138,0.4641657321786139
37,31,22.452987806169862,0.5011465490724226
37,32,22.597220908191385,0.5423389304219982
37,33,22.74117426152714,0.5844985326899509
37,34,22.884172773522558,0.6297911983997071
37,35,23.026609669183507,0.6768202400066949
37,36,23.168193927762886,0.7263570719858132
37,37,23.308986387712118,0.7781014747888454
37,38,23.448384889723073,0.8334915247716838
37,39,23.587032687392764,0.8907347619385617
37,40,23.723815094684767,0.9523023918702432
37,41,23.859946171824557,1.015297072889837
37,42,23.99419903528744,1.0822012480362058
37,43,24.127289431502497,1.1513890102150701
37,44,24.2584671130007,1.2241380024881892
37,45,24.387659828398196,1.300356387988161
37,46,24.51464781935799,1.3801940367010037
37,47,24.639026138465198,1.4640393331466912
37,48,24.76122473670251,1.551030726909729
38,0,14.0,0.0
38,1,14.5,0.0
38,2,15.0,0.0
38,3,15.5,0.0
38,4,16.0,0.0
38,5,16.5,0.0
38,6,17.0,0.0
38,7,17.5,0.0
38,8,18.0,0.0
38,9,18.5,0.0
38,10,19.0,0.0
38,11,19.5,0.0
38,12,19.64939923109522,0.01341155278694858
38,13,19.799273194144327,0.019559332870407502
38,14,19.948494603703573,0.03482271811588089
38,15,20.097923730994594,0.04789696444382764
38,16,20.246761054739995,0.06653700361510008
38,17,20.395142896675107,0.08851037349646276
38,18,20.543611404648008,0.10989032065028825
38,19,20.691684565221852,0.13385569395580607
38,20,20.83984151877297,0.15729747533973204
38,21,20.987370068711822,0.18441438801318943
38,22,21.134913439578494,0.2114505436811072
38,23,21.282558397500445,0.2379263137402483
38,24,21.42966322822714,0.2672549478180628
38,25,21.576953788798374,0.2956361170436723
38,26,21.723436252843946,0.3279298893091991
38,27,21.87043581509257,0.3577816681291118
38,28,22.016347470446025,0.3925636869321451
38,29,22.162685809625795,0.4255043986139828
38,30,22.30761786711138,0.4641657321786139
38,31,22.452987806169862,0.5011465490724226
38,32,22.597220908191385,0.5423389304219982
38,33,22.74117426152714,0.5844985326899509
38,34,22.884172773522558,0.6297911983997071
38,35,23.026609669183507,0.6768202400066949
38,36,23.168193927762886,0.7263570719858132
38,37,23.308986387712118,0.7781014747888454
38,38,23.448384889723073,0.8334915247716838
38,39,23.587032687392764,0.8907347619385617
38,40,23.723815094684767,0.9523023918702432
38,41,23.859946171824557,1.015297072889837
38,42,23.99419903528744,1.0822012480362058
38,43,24.127289431502497,1.1513890102150701
38,44,24.2584671130007,1.2241380024881892
38,45,24.387659828398196,1.300356387988161
38,46,24.51464781935799,1.3801940367010037
38,47,24.639026138465198,1.4640393331466912
38,48,24.76122473670251,1.551030726909729
38,49,24.880007074680595,1.6426317977793343
39,0,14.0,0.0
39,1,14.5,0.0
39,2,15.0,0.0
39,3,15.5,0.0
39,4,16.0,0.0
39,5,16.5,0.0
39,6,17.0,0.0
39,7,17.5,0.0
39,8,18.0,0.0
39,9,18.5,0.0
39,10,19.0,0.0
39,11,19.5,0.0
39,12,19.64939923109522,0.01341155278694858
39,13,19.799273194144327,0.019559332870407502
39,14,19.948494603703573,0.03482271811588089
39,15,20.097923730994594,0.04789696444382764
39,16,20.246761054739995,0.06653700361510008
39,17,20.395142896675107,0.08851037349646276
39,18,20.543611404648008,0.10989032065028825
39,19,20.691684565221852,0.13385569395580607
39,20,20.83984151877297,0.15729747533973204
39,21,20.987370068711822,0.18441438801318943
39,22,21.134913439578494,0.2114505436811072
39,23,21.282558397500445,0.2379263137402483
39,24,21.42966322822714,0.2672549478180628
39,25,21.576953788798374,0.2956361170436723
39,26,21.723436252843946,0.3279298893091991
39,27,21.87043581509257,0.3577816681291118
39,28,22.016347470446025,0.3925636869321451
39,29,22.162685809625795,0.4255043986139828
39,30,22.30761786711138,0.4641657321786139
39,31,22.452987806169862,0.5011465490724226
39,32,22.597220908191385,0.5423389304219982
39,33,22.74117426152714,0.5844985326899509
39,34,22.884172773522558,0.6297911983997071
39,35,23.026609669183507,0.6768202400066949
39,36,23.168193927762886,0.7263570719858132
39,37,23.308986387712118,0.7781014747888454
39,38,23.448384889723073,0.8334915247716838
39,39,23.587032687392764,0.8907347619385617
39,40,23.723815094684767,0.9523023918702432
39,41,23.859946171824557,1.015297072889837
39,42,23.99419903528744,1.0822012480362058
39,43,24.127289431502497,1.1513890102150701
39,44,24.2584671130007,1.2241380024881892
39,45,24.387659828398196,1.300356387988161
39,46,24.51464781935799,1.3801940367010037
39,47,24.639026138465198,1.4640393331466912
39,48,24.76122473670251,1.551030726909729
39,49,24.880007074680595,1.6426317977793343
39,50,24.996073325104664,1.7376508775080761
40,0,14.0,0.0
40,1,14.5,0.0
40,2,15.0,0.0
40,3,15.5,0.0
40,4,16.0,0.0
40,5,16.5,0.0
40,6,17.0,0.0
40,7,17.5,0.0
40,8,18.0,0.0
40,9,18.5,0.0
40,10,19.0,0.0
40,11,19.5,0.0
40,12,19.64939923109522,0.01341155278694858
40,13,19.799273194144327,0.019559332870407502
40,14,19.948494603703573,0.03482271811588089
40,15,20.097923730994594,0.04789696444382764
40,16,20.246761054739995,0.06653700361510008
40,17,20.395142896675107,0.08851037349646276
40,18,20.543611404648008,0.10989032065028825
40,19,20.691684565221852,0.13385569395580607
40,20,20.83984151877297,0.15729747533973204
40,21,20.987370068711822,0.18441438801318943
40,22,21.134913439578494,0.2114505436811072
40,23,21.282558397500445,0.2379263137402483
40,24,21.42966322822714,0.2672549478180628
40,25,21.576953788798374,0.2956361170436723
40,26,21.723436252843946,0.3279298893091991
40,27,21.87043581509257,0.3577816681291118
40,28,22.016347470446025,0.3925636869321451
40,29,22.162685809625795,0.4255043986139828
40,30,22.30761786711138,0.4641657321786139
40,31,22.452987806169862,0.5011465490724226
40,32,22.597220908191385,0.5423389304219982
40,33,22.74117426152714,0.5844985326899509
40,34,22.884172773522558,0.6297911983997071
40,35,23.026609669183507,0.6768202400066949
40,36,23.168193927762886,0.7263570719858132
40,37,23.308986387712118,0.7781014747888454
40,38,23.448384889723073,0.8334915247716838
40,39,23.587032687392764,0.8907347619385617
40,40,23.723815094684767,0.9523023918702432
40,41,23.859946171824557,1.015297072889837
40,42,23.99419903528744,1.0822012480362058
40,43,24.127289431502497,1.1513890102150701
40,44,24.2584671130007,1.2241380024881892
40,45,24.387659828398196,1.300356387988161
40,46,24.51464781935799,1.3801940367010037
40,47,24.639026138465198,1.4640393331466912
40,48,24.76122473670251,1.551030726909729
40,49,24.880007074680595,1.6426317977793343
40,50,24.996073325104664,1.7376508775080761
40,51,25.108141292275516,1.8373542913623326
41,0,14.0,0.0
41,1,14.5,0.0
41,2,15.0,0.0
41,3,15.5,0.0
41,4,16.0,0.0
41,5,16.5,0.0
41,6,17.0,0.0
41,7,17.5,0.0
41,8,18.0,0.0
41,9,18.5,0.0
41,10,19.0,0.0
41,11,19.5,0.0
41,12,19.64939923109522,0.01341155278694858
41,13,19.799273194144327,0.019559332870407502
41,14,19.948494603703573,0.03482271811588089
41,15,20.097923730994594,0.04789696444382764
41,16,20.246761054739995,0.06653700361510008
41,17,20.395142896675107,0.08851037349646276
41,18,20.543611404648008,0.10989032065028825
41,19,20.691684565221852,0.13385569395580607
41,20,20.83984151877297,0.15729747533973204
41,21,20.987370068711822,0.18441438801318943
41,22,21.134913439578494,0.2114505436811072
41,23,21.282558397500445,0.2379263137402483
41,24,21.42966322822714,0.2672549478180628
41,25,21.576953788798374,0.2956361170436723
41,26,21.723436252843946,0.3279298893091991
41,27,21.87043581509257,0.3577816681291118
41,28,22.016347470446025,0.3925636869321451
41,29,22.162685809625795,0.4255043986139828
41,30,22.30761786711138,0.4641657321786139
41,31,22.452987806169862,0.5011465490724226
41,32,22.597220908191385,0.5423389304219982
41,33,22.74117426152714,0.5844985326899509
41,34,22.884172773522558,0.6297911983997071
41,35,23.026609669183507,0.6768202400066949
41,36,23.168193927762886,0.7263570719858132
41,37,23.308986387712118,0.7781014747888454
41,38,23.448384889723073,0.8334915247716838
41,39,23.587032687392764,0.8907347619385617
41,40,23.723815094684767,0.9523023918702432
41,41,23.859946171824557,1.015297072889837
41,42,23.99419903528744,1.0822012480362058
41,43,24.127289431502497,1.1513890102150701
41,44,24.2584671130007,1.2241380024881892
41,45,24.387659828398196,1.300356387988161
41,46,24.51464781935799,1.3801940367010037
41,47,24.639026138465198,1.4640393331466912
41,48,24.76122473670251,1.551030726909729
41,49,24.880007074680595,1.6426317977793343
41,50,24.996073325104664,1.7376508775080761
41,51,25.108141292275516,1.8373542913623326
41,52,25.216050096477698,1.941544933819587
42,0,14.0,0.0
42,1,14.5,0.0
42,2,15.0,0.0
42,3,15.5,0.0
42,4,16.0,0.0
42,5,16.5,0.0
42,6,17.0,0.0
42,7,17.5,0.0
42,8,18.0,0.0
42,9,18.5,0.0
42,10,19.0,0.0
42,11,19.5,0.0
42,12,19.64939923109522,0.01341155278694858
42,13,19.799273194144327,0.019559332870407502
42,14,19.948494603703573,0.03482271811588089
42,15,20.097923730994594,0.04789696444382764
42,16,20.246761054739995,0.06653700361510008
42,17,20.395142896675107,0.08851037349646276
42,18,20.543611404648008,0.10989032065028825
42,19,20.691684565221852,0.13385569395580607
42,20,20.83984151877297,0.15729747533973204
42,21,20.987370068711822,0.18441438801318943
42,22,21.134913439578494,0.2114505436811072
42,23,21.282558397500445,0.2379263137402483
42,24,21.42966322822714,0.2672549478180628
42,25,21.576953788798374,0.2956361170436723
42,26,21.723436252843946,0.3279298893091991
42,27,21.87043581509257,0.3577816681291118
42,28,22.016347470446025,0.3925636869321451
42,29,22.162685809625795,0.4255043986139828
42,30,22.30761786711138,0.4641657321786139
42,31,22.452987806169862,0.5011465490724226
42,32,22.597220908191385,0.5423389304219982
42,33,22.74117426152714,0.5844985326899509
42,34,22.884172773522558,0.6297911983997071
42,35,23.026609669183507,0.6768202400066949
42,36,23.168193927762886,0.7263570719858132
42,37,23.308986387712118,0.7781014747888454
42,38,23.448384889723073,0.8334915247716838
42,39,23.587032687392764,0.8907347619385617
42,40,23.723815094684767,0.9523023918702432
42,41,23.859946171824557,1.015297072889837
42,42,23.99419903528744,1.0822012480362058
42,43,24.127289431502497,1.1513890102150701
42,44,24.2584671130007,1.2241380024881892
42,45,24.387659828398196,1.300356387988161
42,46,24.51464781935799,1.3801940367010037
42,47,24.639026138465198,1.4640393331466912
42,48,24.76122473670251,1.551030726909729
42,49,24.880007074680595,1.6426317977793343
42,50,24.996073325104664,1.7376508775080761
42,51,25.108141292275516,1.8373542913623326
42,52,25.216050096477698,1.941544933819587
42,53,25.320559266801617,2.0491452745170307
43,0,14.0,0.0
43,1,14.5,0.0
43,2,15.0,0.0
43,3,15.5,0.0
43,4,16.0,0.0
43,5,16.5,0.0
43,6,17.0,0.0
43,7,17.5,0.0
43,8,18.0,0.0
43,9,18.5,0.0
43,10,19.0,0.0
43,11,19.5,0.0
43,12,19.64939923109522,0.01341155278694858
43,13,19.799273194144327,0.019559332870407502
43,14,19.948494603703573,0.03482271811588089
43,15,20.097923730994594,0.04789696444382764
43,16,20.246761054739995,0.06653700361510008
43,17,20.395142896675107,0.08851037349646276
43,18,20.543611404648008,0.10989032065028825
43,19,20.691684565221852,0.13385569395580607
43,20,20.83984151877297,0.15729747533973204
43,21,20.987370068711822,0.18441438801318943
43,22,21.134913439578494,0.2114505436811072
43,23,21.282558397500445,0.2379263137402483
43,24,21.42966322822714,0.2672549478180628
43,25,21.576953788798374,0.2956361170436723
43,26,21.723436252843946,0.3279298893091991
43,27,21.87043581509257,0.3577816681291118
43,28,22.016347470446025,0.3925636869321451
43,29,22.162685809625795,0.4255043986139828
43,30,22.30761786711138,0.4641657321786139
43,31,22.452987806169862,0.5011465490724226
43,32,22.597220908191385,0.5423389304219982
43,33,22.74117426152714,0.5844985326899509
43,34,22.884172773522558,0.6297911983997071
43,35,23.026609669183507,0.6768202400066949
43,36,23.168193927762886,0.7263570719858132
43,37,23.308986387712118,0.7781014747888454
43,38,23.448384889723073,0.8334915247716838
43,39,23.587032687392764,0.8907347619385617
43,40,23.723815094684767,0.9523023918702432
43,41,23.859946171824557,1.015297072889837
43,42,23.99419903528744,1.0822012480362058
43,43,24.127289431502497,1.1513890102150701
43,44,24.2584671130007,1.2241380024881892
43,45,24.387659828398196,1.300356387988161
43,46,24.51464781935799,1.3801940367010037
43,47,24.639026138465198,1.4640393331466912
43,48,24.76122473670251,1.551030726909729
43,49,24.880007074680595,1.6426317977793343
43,50,24.996073325104664,1.7376508775080761
43,51,25.108141292275516,1.8373542913623326
43,52,25.216050096477698,1.941544933819587
43,53,25.320559266801617,2.0491452745170307
43,54,25.417039999788926,2.1639993913880926
44,0,14.0,0.0
44,1,14.5,0.0
44,2,15.0,0.0
44,3,15.5,0.0
44,4,16.0,0.0
44,5,16.5,0.0
44,6,17.0,0.0
44,7,17.5,0.0
44,8,18.0,0.0
44,9,18.5,0.0
44,10,19.0,0.0
44,11,19.5,0.0
44,12,19.64939923109522,0.01341155278694858
44,13,19.799273194144327,0.019559332870407502
44,14,19.948494603703573,0.03482271811588089
44,15,20.097923730994594,0.04789696444382764
44,16,20.246761054739995,0.06653700361510008
44,17,20.395142896675107,0.08851037349646276
44,18,20.543611404648008,0.10989032065028825
44,19,20.691684565221852,0.13385569395580607
44,20,20.83984151877297,0.15729747533973204
44,21,20.987370068711822,0.18441438801318943
44,22,21.134913439578494,0.2114505436811072
44,23,21.282558397500445,0.2379263137402483
44,24,21.42966322822714,0.2672549478180628
44,25,21.576953788798374,0.2956361170436723
44,26,21.723436252843946,0.3279298893091991
44,27,21.87043581509257,0.3577816681291118
44,28,22.016347470446025,0.3925636869321451
44,29,22.162685809625795,0.4255043986139828
44,30,22.30761786711138,0.4641657321786139
44,31,22.452987806169862,0.5011465490724226
44,32,22.597220908191385,0.5423389304219982
44,33,22.74117426152714,0.5844985326899509
44,34,22.884172773522558,0.6297911983997071
44,35,23.026609669183507,0.6768202400066949
44,36,23.168193927762886,0.7263570719858132
44,37,23.308986387712118,0.7781014747888454
44,38,23.448384889723073,0.8334915247716838
44,39,23.587032687392764,0.8907347619385617
44,40,23.723815094684767,0.9523023918702432
44,41,23.859946171824557,1.015297072889837
44,42,23.99419903528744,1.0822012480362058
44,43,24.127289431502497,1.1513890102150701
44,44,24.2584671130007,1.2241380024881892
44,45,24.387659828398196,1.300356387988161
44,46,24.51464781935799,1.3801940367010037
44,47,24.639026138465198,1.4640393331466912
44,48,24.76122473670251,1.551030726909729
44,49,24.880007074680595,1.6426317977793343
44,50,24.996073325104664,1.7376508775080761
44,51,25.108141292275516,1.8373542913623326
44,52,25.216050096477698,1.941544933819587
44,53,25.320559266801617,2.0491452745170307
44,54,25.417039999788926,2.1639993913880926
44,55,25.511155483910642,2.280799543993023
45,0,14.0,0.0
45,1,14.5,0.0
45,2,15.0,0.0
45,3,15.5,0.0
45,4,16.0,0.0
45,5,16.5,0.0
45,6,17.0,0.0
45,7,17.5,0.0
45,8,18.0,0.0
45,9,18.5,0.0
45,10,19.0,0.0
45,11,19.5,0.0
45,12,19.64939923109522,0.01341155278694858
45,13,19.799273194144327,0.019559332870407502
45,14,19.948494603703573,0.03482271811588089
45,15,20.097923730994594,0.04789696444382764
45,16,20.246761054739995,0.06653700361510008
45,17,20.395142896675107,0.08851037349646276
45,18,20.543611404648008,0.10989032065028825
45,19,20.691684565221852,0.13385569395580607
45,20,20.83984151877297,0.15729747533973204
45,21,20.987370068711822,0.18441438801318943
45,22,21.134913439578494,0.2114505436811072
45,23,21.282558397500445,0.2379263137402483
45,24,21.42966322822714,0.2672549478180628
45,25,21.576953788798374,0.2956361170436723
45,26,21.723436252843946,0.3279298893091991
45,27,21.87043581509257,0.3577816681291118
45,28,22.016347470446025,0.3925636869321451
45,29,22.162685809625795,0.4255043986139828
45,30,22.30761786711138,0.4641657321786139
45,31,22.452987806169862,0.5011465490724226
45,32,22.597220908191385,0.5423389304219982
45,33,22.74117426152714,0.5844985326899509
45,34,22.884172773522558,0.6297911983997071
45,35,23.026609669183507,0.6768202400066949
45,36,23.168193927762886,0.7263570719858132
45,37,23.308986387712118,0.7781014747888454
45,38,23.448384889723073,0.8334915247716838
45,39,23.587032687392764,0.8907347619385617
45,40,23.723815094684767,0.9523023918702432
45,41,23.859946171824557,1.015297072889837
45,42,23.99419903528744,1.0822012480362058
45,43,24.127289431502497,1.1513890102150701
45,44,24.2584671130007,1.2241380024881892
45,45,24.387659828398196,1.300356387988161
45,46,24.51464781935799,1.3801940367010037
45,47,24.639026138465198,1.4640393331466912
45,48,24.76122473670251,1.551030726909729
45,49,24.880007074680595,1.6426317977793343
45,50,24.996073325104664,1.7376508775080761
45,51,25.108141292275516,1.8373542913623326
45,52,25.216050096477698,1.941544933819587
45,53,25.320559266801617,2.0491452745170307
45,54,25.417039999788926,2.1639993913880926
45,55,25.511155483910642,2.280799543993023
45,56,25.60060355042463,2.401211517637297
46,0,14.0,0.0
46,1,14.5,0.0
46,2,15.0,0.0
46,3,15.5,0.0
46,4,16.0,0.0
46,5,16.5,0.0
46,6,17.0,0.0
46,7,17.5,0.0
46,8,18.0,0.0
46,9,18.5,0.0
46,10,19.0,0.0
46,11,19.5,0.0
46,12,19.64939923109522,0.01341155278694858
46,13,19.799273194144327,0.019559332870407502
46,14,19.948494603703573,0.03482271811588089
46,15,20.097923730994594,0.04789696444382764
46,16,20.246761054739995,0.06653700361510008
46,17,20.395142896675107,0.08851037349646276
46,18,20.543611404648008,0.10989032065028825
46,19,20.691684565221852,0.13385569395580607
46,20,20.83984151877297,0.15729747533973204
46,21,20.987370068711822,0.18441438801318943
46,22,21.134913439578494,0.2114505436811072
46,23,21.282558397500445,0.2379263137402483
46,24,21.42966322822714,0.2672549478180628
46,25,21.576953788798374,0.2956361170436723
46,26,21.723436252843946,0.3279298893091991
46,27,21.87043581509257,0.3577816681291118
46,28,22.016347470446025,0.3925636869321451
46,29,22.162685809625795,0.4255043986139828
46,30,22.30761786711138,0.4641657321786139
46,31,22.452987806169862,0.5011465490724226
46,32,22.597220908191385,0.5423389304219982
46,33,22.74117426152714,0.5844985326899509
46,34,22.884172773522558,0.6297911983997071
46,35,23.026609669183507,0.6768202400066949
46,36,23.168193927762886,0.7263570719858132
46,37,23.308986387712118,0.7781014747888454
46,38,23.448384889723073,0.8334915247716838
46,39,23.587032687392764,0.8907347619385617
46,40,23.723815094684767,0.9523023918702432
46,41,23.859946171824557,1.015297072889837
46,42,23.99419903528744,1.0822012480362058
46,43,24.127289431502497,1.1513890102150701
46,44,24.2584671130007,1.2241380024881892
46,45,24.387659828398196,1.300356387988161
46,46,24.51464781935799,1.3801940367010037
46,47,24.639026138465198,1.4640393331466912
46,48,24.76122473670251,1.551030726909729
46,49,24.880007074680595,1.6426317977793343
46,50,24.996073325104664,1.7376508775080761
46,51,25.108141292275516,1.8373542913623326
46,52,25.216050096477698,1.941544933819587
46,53,25.320559266801617,2.0491452745170307
46,54,25.417039999788926,2.1639993913880926
46,55,25.511155483910642,2.280799543993023
46,56,25.60060355042463,2.401211517637297
46,57,25.680611302102555,2.5280924053684415
47,0,14.0,0.0
47,1,14.5,0.0
47,2,15.0,0.0
47,3,15.5,0.0
47,4,16.0,0.0
47,5,16.5,0.0
47,6,17.0,0.0
47,7,17.5,0.0
47,8,18.0,0.0
47,9,18.5,0.0
47,10,19.0,0.0
47,11,19.5,0.0
47,12,19.64939923109522,0.01341155278694858
47,13,19.799273194144327,0.019559332870407502
47,14,19.948494603703573,0.03482271811588089
47,15,20.097923730994594,0.04789696444382764
47,16,20.246761054739995,0.06653700361510008
47,17,20.395142896675107,0.08851037349646276
47,18,20.543611404648008,0.10989032065028825
47,19,20.691684565221852,0.13385569395580607
47,20,20.83984151877297,0.15729747533973204
47,21,20.987370068711822,0.18441438801318943
47,22,21.134913439578494,0.2114505436811072
47,23,21.282558397500445,0.2379263137402483
47,24,21.42966322822714,0.2672549478180628
47,25,21.576953788798374,0.2956361170436723
47,26,21.723436252843946,0.3279298893091991
47,27,21.87043581509257,0.3577816681291118
47,28,22.016347470446025,0.3925636869321451
47,29,22.162685809625795,0.4255043986139828
47,30,22.30761786711138,0.4641657321786139
47,31,22.452987806169862,0.5011465490724226
47,32,22.597220908191385,0.5423389304219982
47,33,22.74117426152714,0.5844985326899509
47,34,22.884172773522558,0.6297911983997071
47,35,23.026609669183507,0.6768202400066949
47,36,23.168193927762886,0.7263570719858132
47,37,23.308986387712118,0.7781014747888454
47,38,23.448384889723073,0.8334915247716838
47,39,23.587032687392764,0.8907347619385617
47,40,23.723815094684767,0.9523023918702432
47,41,23.859946171824557,1.015297072889837
47,42,23.99419903528744,1.0822012480362058
47,43,24.127289431502497,1.1513890102150701
47,44,24.2584671130007,1.2241380024881892
47,45,24.387659828398196,1.300356387988161
47,46,24.51464781935799,1.3801940367010037
47,47,24.639026138465198,1.4640393331466912
47,48,24.76122473670251,1.551030726909729
47,49,24.880007074680595,1.6426317977793343
47,50,24.996073325104664,1.7376508775080761
47,51,25.108141292275516,1.8373542913623326
47,52,25.216050096477698,1.941544933819587
47,53,25.320559266801617,2.0491452745170307
47,54,25.417039999788926,2.1639993913880926
47,55,25.511155483910642,2.280799543993023
47,56,25.60060355042463,2.401211517637297
47,57,25.680611302102555,2.5280924053684415
47,58,25.75634672595367,2.657568834011234
48,0,14.0,0.0
48,1,14.5,0.0
48,2,15.0,0.0
48,3,15.5,0.0
48,4,16.0,0.0
48,5,16.5,0.0
48,6,17.0,0.0
48,7,17.5,0.0
48,8,18.0,0.0
48,9,18.5,0.0
48,10,19.0,0.0
48,11,19.5,0.0
48,12,19.64939923109522,0.01341155278694858
48,13,19.799273194144327,0.019559332870407502
48,14,19.948494603703573,0.03482271811588089
48,15,20.097923730994594,0.04789696444382764
48,16,20.246761054739995,0.06653700361510008
48,17,20.395142896675107,0.08851037349646276
48,18,20.543611404648008,0.10989032065028825
48,19,20.691684565221852,0.13385569395580607
48,20,20.83984151877297,0.15729747533973204
48,21,20.987370068711822,0.18441438801318943
48,22,21.134913439578494,0.2114505436811072
48,23,21.282558397500445,0.2379263137402483
48,24,21.42966322822714,0.2672549478180628
48,25,21.576953788798374,0.2956361170436723
48,26,21.723436252843946,0.3279298893091991
48,27,21.87043581509257,0.3577816681291118
48,28,22.016347470446025,0.3925636869321451
48,29,22.162685809625795,0.4255043986139828
48,30,22.30761786711138,0.4641657321786139
48,31,22.452987806169862,0.5011465490724226
48,32,22.597220908191385,0.5423389304219982
48,33,22.74117426152714,0.5844985326899509
48,34,22.884172773522558,0.6297911983997071
48,35,23.026609669183507,0.6768202400066949
48,36,23.168193927762886,0.7263570719858132
48,37,23.308986387712118,0.7781014747888454
48,38,23.448384889723073,0.8334915247716838
48,39,23.587032687392764,0.8907347619385617
48,40,23.723815094684767,0.9523023918702432
48,41,23.859946171824557,1.015297072889837
48,42,23.99419903528744,1.0822012480362058
48,43,24.127289431502497,1.1513890102150701
48,44,24.2584671130007,1.2241380024881892
48,45,24.387659828398196,1.300356387988161
48,46,24.51464781935799,1.3801940367010037
48,47,24.639026138465198,1.4640393331466912
48,48,24.76122473670251,1.551030726909729
48,49,24.880007074680595,1.6426317977793343
48,50,24.996073325104664,1.7376508775080761
48,51,25.108141292275516,1.8373542913623326
48,52,25.216050096477698,1.941544933819587
48,53,25.320559266801617,2.0491452745170307
48,54,25.417039999788926,2.1639993913880926
48,55,25.511155483910642,2.280799543993023
48,56,25.60060355042463,2.401211517637297
48,57,25.680611302102555,2.5280924053684415
48,58,25.75634672595367,2.657568834011234
48,59,25.823764639438142,2.7915644493924847
49,0,14.0,0.0
49,1,14.5,0.0
49,2,15.0,0.0
49,3,15.5,0.0
49,4,16.0,0.0
49,5,16.5,0.0
49,6,17.0,0.0
49,7,17.5,0.0
49,8,18.0,0.0
49,9,18.5,0.0
49,10,19.0,0.0
49,11,19.5,0.0
49,12,19.64939923109522,0.01341155278694858
49,13,19.799273194144327,0.019559332870407502
49,14,19.948494603703573,0.03482271811588089
49,15,20.097923730994594,0.04789696444382764
49,16,20.246761054739995,0.06653700361510008
49,17,20.395142896675107,0.08851037349646276
49,18,20.543611404648008,0.10989032065028825
49,19,20.691684565221852,0.13385569395580607
49,20,20.83984151877297,0.15729747533973204
49,21,20.987370068711822,0.18441438801318943
49,22,21.134913439578494,0.2114505436811072
49,23,21.282558397500445,0.2379263137402483
49,24,21.42966322822714,0.2672549478180628
49,25,21.576953788798374,0.2956361170436723
49,26,21.723436252843946,0.3279298893091991
49,27,21.87043581509257,0.3577816681291118
49,28,22.016347470446025,0.3925636869321451
49,29,22.162685809625795,0.4255043986139828
49,30,22.30761786711138,0.4641657321786139
49,31,22.452987806169862,0.5011465490724226
49,32,22.597220908191385,0.5423389304219982
49,33,22.74117426152714,0.5844985326899509
49,34,22.884172773522558,0.6297911983997071
49,35,23.026609669183507,0.6768202400066949
49,36,23.168193927762886,0.7263570719858132
49,37,23.308986387712118,0.7781014747888454
49,38,23.448384889723073,0.8334915247716838
49,39,23.587032687392764,0.8907347619385617
49,40,23.723815094684767,0.9523023918702432
49,41,23.859946171824557,1.015297072889837
49,42,23.99419903528744,1.0822012480362058
49,43,24.127289431502497,1.1513890102150701
49,44,24.2584671130007,1.2241380024881892
49,45,24.387659828398196,1.300356387988161
49,46,24.51464781935799,1.3801940367010037
49,47,24.639026138465198,1.4640393331466912
49,48,24.76122473670251,1.551030726909729
49,49,24.880007074680595,1.6426317977793343
49,50,24.996073325104664,1.7376508775080761
49,51,25.108141292275516,1.8373542913623326
49,52,25.216050096477698,1.941544933819587
49,53,25.320559266801617,2.0491452745170307
49,54,25.417039999788926,2.1639993913880926
49,55,25.511155483910642,2.280799543993023
49,56,25.60060355042463,2.401211517637297
49,57,25.680611302102555,2.5280924053684415
49,58,25.75634672595367,2.657568834011234
49,59,25.823764639438142,2.7915644493924847
49,60,25.889114072239597,2.9265809359136807
50,0,14.0,0.0
50,1,14.5,0.0
50,2,15.0,0.0
50,3,15.5,0.0
50,4,16.0,0.0
50,5,16.5,0.0
50,6,17.0,0.0
50,7,17.5,0.0
50,8,18.0,0.0
50,9,18.5,0.0
50,10,19.0,0.0
50,11,19.5,0.0
50,12,19.64939923109522,0.01341155278694858
50,13,19.799273194144327,0.019559332870407502
50,14,19.948494603703573,0.03482271811588089
50,15,20.097923730994594,0.04789696444382764
50,16,20.246761054739995,0.06653700361510008
50,17,20.395142896675107,0.08851037349646276
50,18,20.543611404648008,0.10989032065028825
50,19,20.691684565221852,0.13385569395580607
50,20,20.83984151877297,0.15729747533973204
50,21,20.987370068711822,0.18441438801318943
50,22,21.134913439578494,0.2114505436811072
50,23,21.282558397500445,0.2379263137402483
50,24,21.42966322822714,0.2672549478180628
50,25,21.576953788798374,0.2956361170436723
50,26,21.723436252843946,0.3279298893091991
50,27,21.87043581509257,0.3577816681291118
50,28,22.016347470446025,0.3925636869321451
50,29,22.162685809625795,0.4255043986139828
50,30,22.30761786711138,0.4641657321786139
50,31,22.452987806169862,0.5011465490724226
50,32,22.597220908191385,0.5423389304219982
50,33,22.74117426152714,0.5844985326899509
50,34,22.884172773522558,0.6297911983997071
50,35,23.026609669183507,0.6768202400066949
50,36,23.168193927762886,0.7263570719858132
50,37,23.308986387712118,0.7781014747888454
50,38,23.448384889723073,0.8334915247716838
50,39,23.587032687392764,0.8907347619385617
50,40,23.723815094684767,0.9523023918702432
50,41,23.859946171824557,1.015297072889837
50,42,23.99419903528744,1.0822012480362058
50,43,24.127289431502497,1.1513890102150701
50,44,24.2584671130007,1.2241380024881892
50,45,24.387659828398196,1.300356387988161
50,46,24.51464781935799,1.3801940367010037
50,47,24.639026138465198,1.4640393331466912
50,48,24.76122473670251,1.551030726909729
50,49,24.880007074680595,1.6426317977793343
50,50,24.996073325104664,1.7376508775080761
50,51,25.108141292275516,1.8373542913623326
50,52,25.216050096477698,1.941544933819587
50,53,25.320559266801617,2.0491452745170307
50,54,25.417039999788926,2.1639993913880926
50,55,25.511155483910642,2.280799543993023
50,56,25.60060355042463,2.401211517637297
50,57,25.680611302102555,2.5280924053684415
50,58,25.75634672595367,2.657568834011234
50,59,25.823764639438142,2.7915644493924847
50,60,25.889114072239597,2.9265809359136807
50,61,25.949119980259436,3.0640556281399762
51,0,14.0,0.0
51,1,14.5,0.0
51,2,15.0,0.0
51,3,15.5,0.0
51,4,16.0,0.0
51,5,16.5,0.0
51,6,17.0,0.0
51,7,17.5,0.0
51,8,18.0,0.0
51,9,18.5,0.0
51,10,19.0,0.0
51,11,19.5,0.0
51,12,19.64939923109522,0.01341155278694858
51,13,19.799273194144327,0.019559332870407502
51,14,19.948494603703573,0.03482271811588089
51,15,20.097923730994594,0.04789696444382764
51,16,20.246761054739995,0.06653700361510008
51,17,20.395142896675107,0.08851037349646276
51,18,20.543611404648008,0.10989032065028825
51,19,20.691684565221852,0.13385569395580607
51,20,20.83984151877297,0.15729747533973204
51,21,20.987370068711822,0.18441438801318943
51,22,21.134913439578494,0.2114505436811072
51,23,21.282558397500445,0.2379263137402483
51,24,21.42966322822714,0.2672549478180628
51,25,21.576953788798374,0.2956361170436723
51,26,21.723436252843946,0.3279298893091991
51,27,21.87043581509257,0.3577816681291118
51,28,22.016347470446025,0.3925636869321451
51,29,22.162685809625795,0.4255043986139828
51,30,22.30761786711138,0.4641657321786139
51,31,22.452987806169862,0.5011465490724226
51,32,22.597220908191385,0.5423389304219982
51,33,22.74117426152714,0.5844985326899509
51,34,22.884172773522558,0.6297911983997071
51,35,23.026609669183507,0.6768202400066949
51,36,23.168193927762886,0.7263570719858132
51,37,23.308986387712118,0.7781014747888454
51,38,23.448384889723073,0.8334915247716838
51,39,23.587032687392764,0.8907347619385617
51,40,23.723815094684767,0.9523023918702432
51,41,23.859946171824557,1.015297072889837
51,42,23.99419903528744,1.0822012480362058
51,43,24.127289431502497,1.1513890102150701
51,44,24.2584671130007,1.2241380024881892
51,45,24.387659828398196,1.300356387988161
51,46,24.51464781935799,1.3801940367010037
51,47,24.639026138465198,1.4640393331466912
51,48,24.76122473670251,1.551030726909729
51,49,24.880007074680595,1.6426317977793343
51,50,24.996073325104664,1.7376508775080761
51,51,25.108141292275516,1.8373542913623326
51,52,25.216050096477698,1.941544933819587
51,53,25.320559266801617,2.0491452745170307
51,54,25.417039999788926,2.1639993913880926
51,55,25.511155483910642,2.280799543993023
51,56,25.60060355042463,2.401211517637297
51,57,25.680611302102555,2.5280924053684415
51,58,25.75634672595367,2.657568834011234
51,59,25.823764639438142,2.7915644493924847
51,60,25.889114072239597,2.9265809359136807
51,61,25.949119980259436,3.0640556281399762
51,62,26.003528434191825,3.2038401771455334
52,0,14.0,0.0
52,1,14.5,0.0
52,2,15.0,0.0
52,3,15.5,0.0
52,4,16.0,0.0
52,5,16.5,0.0
52,6,17.0,0.0
52,7,17.5,0.0
52,8,18.0,0.0
52,9,18.5,0.0
52,10,19.0,0.0
52,11,19.5,0.0
52,12,19.64939923109522,0.01341155278694858
52,13,19.799273194144327,0.019559332870407502
52,14,19.948494603703573,0.03482271811588089
52,15,20.097923730994594,0.04789696444382764
52,16,20.246761054739995,0.06653700361510008
52,17,20.395142896675107,0.08851037349646276
52,18,20.543611404648008,0.10989032065028825
52,19,20.691684565221852,0.13385569395580607
52,20,20.83984151877297,0.15729747533973204
52,21,20.987370068711822,0.18441438801318943
52,22,21.134913439578494,0.2114505436811072
52,23,21.282558397500445,0.2379263137402483
52,24,21.42966322822714,0.2672549478180628
52,25,21.576953788798374,0.2956361170436723
52,26,21.723436252843946,0.3279298893091991
52,27,21.87043581509257,0.3577816681291118
52,28,22.016347470446025,0.3925636869321451
52,29,22.162685809625795,0.4255043986139828
52,30,22.30761786711138,0.4641657321786139
52,31,22.452987806169862,0.5011465490724226
52,32,22.597220908191385,0.5423389304219982
52,33,22.74117426152714,0.5844985326899509
52,34,22.884172773522558,0.6297911983997071
52,35,23.026609669183507,0.6768202400066949
52,36,23.168193927762886,0.7263570719858132
52,37,23.308986387712118,0.7781014747888454
52,38,23.448384889723073,0.8334915247716838
52,39,23.587032687392764,0.8907347619385617
52,40,23.723815094684767,0.9523023918702432
52,41,23.859946171824557,1.015297072889837
52,42,23.99419903528744,1.0822012480362058
52,43,24.127289431502497,1.1513890102150701
52,44,24.2584671130007,1.2241380024881892
52,45,24.387659828398196,1.300356387988161
52,46,24.51464781935799,1.3801940367010037
52,47,24.639026138465198,1.4640393331466912
52,48,24.76122473670251,1.551030726909729
52,49,24.880007074680595,1.6426317977793343
52,50,24.996073325104664,1.7376508775080761
52,51,25.108141292275516,1.8373542913623326
52,52,25.216050096477698,1.941544933819587
52,53,25.320559266801617,2.0491452745170307
52,54,25.417039999788926,2.1639993913880926
52,55,25.511155483910642,2.280799543993023
52,56,25.60060355042463,2.401211517637297
52,57,25.680611302102555,2.5280924053684415
52,58,25.75634672595367,2.657568834011234
52,59,25.823764639438142,2.7915644493924847
52,60,25.889114072239597,2.9265809359136807
52,61,25.949119980259436,3.0640556281399762
52,62,26.003528434191825,3.2038401771455334
52,63,26.063874697876493,3.3411658064333705
53,0,14.0,0.0
53,1,14.5,0.0
53,2,15.0,0.0
53,3,15.5,0.0
53,4,16.0,0.0
53,5,16.5,0.0
53,6,17.0,0.0
53,7,17.5,0.0
53,8,18.0,0.0
53,9,18.5,0.0
53,10,19.0,0.0
53,11,19.5,0.0
53,12,19.64939923109522,0.01341155278694858
53,13,19.799273194144327,0.019559332870407502
53,14,19.948494603703573,0.03482271811588089
53,15,20.097923730994594,0.04789696444382764
53,16,20.246761054739995,0.06653700361510008
53,17,20.395142896675107,0.08851037349646276
53,18,20.543611404648008,0.10989032065028825
53,19,20.691684565221852,0.13385569395580607
53,20,20.83984151877297,0.15729747533973204
53,21,20.987370068711822,0.18441438801318943
53,22,21.134913439578494,0.2114505436811072
53,23,21.282558397500445,0.2379263137402483
53,24,21.42966322822714,0.2672549478180628
53,25,21.576953788798374,0.2956361170436723
53,26,21.723436252843946,0.3279298893091991
53,27,21.87043581509257,0.3577816681291118
53,28,22.016347470446025,0.3925636869321451
53,29,22.162685809625795,0.4255043986139828
53,30,22.30761786711138,0.4641657321786139
53,31,22.452987806169862,0.5011465490724226
53,32,22.597220908191385,0.5423389304219982
53,33,22.74117426152714,0.5844985326899509
53,34,22.884172773522558,0.6297911983997071
53,35,23.026609669183507,0.6768202400066949
53,36,23.168193927762886,0.7263570719858132
53,37,23.308986387712118,0.7781014747888454
53,38,23.448384889723073,0.8334915247716838
53,39,23.587032687392764,0.8907347619385617
53,40,23.723815094684767,0.9523023918702432
53,41,23.859946171824557,1.015297072889837
53,42,23.99419903528744,1.0822012480362058
53,43,24.127289431502497,1.1513890102150701
53,44,24.2584671130007,1.2241380024881892
53,45,24.387659828398196,1.300356387988161
53,46,24.51464781935799,1.3801940367010037
53,47,24.639026138465198,1.4640393331466912
53,48,24.76122473670251,1.551030726909729
53,49,24.880007074680595,1.6426317977793343
53,50,24.996073325104664,1.7376508775080761
53,51,25.108141292275516,1.8373542913623326
53,52,25.216050096477698,1.941544933819587
53,53,25.320559266801617,2.0491452745170307
53,54,25.417039999788926,2.1639993913880926
53,55,25.511155483910642,2.280799543993023
53,56,25.60060355042463,2.401211517637297
53,57,25.680611302102555,2.5280924053684415
53,58,25.75634672595367,2.657568834011234
53,59,25.823764639438142,2.7915644493924847
53,60,25.889114072239597,2.9265809359136807
53,61,25.949119980259436,3.0640556281399762
53,62,26.003528434191825,3.2038401771455334
53,63,26.063874697876493,3.3411658064333705
53,64,26.13042734128131,3.4755932800235234
54,0,14.0,0.0
54,1,14.5,0.0
54,2,15.0,0.0
54,3,15.5,0.0
54,4,16.0,0.0
54,5,16.5,0.0
54,6,17.0,0.0
54,7,17.5,0.0
54,8,18.0,0.0
54,9,18.5,0.0
54,10,19.0,0.0
54,11,19.5,0.0
54,12,19.64939923109522,0.01341155278694858
54,13,19.799273194144327,0.019559332870407502
54,14,19.948494603703573,0.03482271811588089
54,15,20.097923730994594,0.04789696444382764
54,16,20.246761054739995,0.06653700361510008
54,17,20.395142896675107,0.08851037349646276
54,18,20.543611404648008,0.10989032065028825
54,19,20.691684565221852,0.13385569395580607
54,20,20.83984151877297,0.15729747533973204
54,21,20.987370068711822,0.18441438801318943
54,22,21.134913439578494,0.2114505436811072
54,23,21.282558397500445,0.2379263137402483
54,24,21.42966322822714,0.2672549478180628
54,25,21.576953788798374,0.2956361170436723
54,26,21.723436252843946,0.3279298893091991
54,27,21.87043581509257,0.3577816681291118
54,28,22.016347470446025,0.3925636869321451
54,29,22.162685809625795,0.4255043986139828
54,30,22.30761786711138,0.4641657321786139
54,31,22.452987806169862,0.5011465490724226
54,32,22.597220908191385,0.5423389304219982
54,33,22.74117426152714,0.5844985326899509
54,34,22.884172773522558,0.6297911983997071
54,35,23.026609669183507,0.6768202400066949
54,36,23.168193927762886,0.7263570719858132
54,37,23.308986387712118,0.7781014747888454
54,38,23.448384889723073,0.8334915247716838
54,39,23.587032687392764,0.8907347619385617
54,40,23.723815094684767,0.9523023918702432
54,41,23.859946171824557,1.015297072889837
54,42,23.99419903528744,1.0822012480362058
54,43,24.127289431502497,1.1513890102150701
54,44,24.2584671130007,1.2241380024881892
54,45,24.387659828398196,1.300356387988161
54,46,24.51464781935799,1.3801940367010037
54,47,24.639026138465198,1.4640393331466912
54,48,24.76122473670251,1.551030726909729
54,49,24.880007074680595,1.6426317977793343
54,50,24.996073325104664,1.7376508775080761
54,51,25.108141292275516,1.8373542913623326
54,52,25.216050096477698,1.941544933819587
54,53,25.320559266801617,2.0491452745170307
54,54,25.417039999788926,2.1639993913880926
54,55,25.511155483910642,2.280799543993023
54,56,25.60060355042463,2.401211517637297
54,57,25.680611302102555,2.5280924053684415
54,58,25.75634672595367,2.657568834011234
54,59,25.823764639438142,2.7915644493924847
54,60,25.889114072239597,2.9265809359136807
54,61,25.949119980259436,3.0640556281399762
54,62,26.003528434191825,3.2038401771455334
54,63,26.063874697876493,3.3411658064333705
54,64,26.13042734128131,3.4755932800235234
54,65,26.21529128947336,3.599278809885578
